<?xml version="1.0" encoding="UTF-8"?>
<project-private xmlns="http://www.netbeans.org/ns/project-private/1">
    <editor-bookmarks xmlns="http://www.netbeans.org/ns/editor-bookmarks/2" lastBookmarkId="0"/>
    <open-files xmlns="http://www.netbeans.org/ns/projectui-open-files/2">
        <group>
            <file>file:/C:/Users/e6195881/OneDrive%20-%20Collège%20de%20Maisonneuve/session%203/243-421-MA%20MICROCONTRÔLEURS%20ET%20INTERFACES/TP2_Interfae_CCP_BBBBBBB.X/mcc_generated_files/adc.c</file>
            <file>file:/C:/Users/e6195881/OneDrive%20-%20Collège%20de%20Maisonneuve/session%203/243-421-MA%20MICROCONTRÔLEURS%20ET%20INTERFACES/TP2_Interfae_CCP_BBBBBBB.X/mcc_generated_files/tmr1.c</file>
            <file>file:/C:/Users/e6195881/OneDrive%20-%20Collège%20de%20Maisonneuve/session%203/243-421-MA%20MICROCONTRÔLEURS%20ET%20INTERFACES/TP2_Interfae_CCP_BBBBBBB.X/mcc_generated_files/ccp2.c</file>
            <file>file:/C:/Users/e6195881/OneDrive%20-%20Collège%20de%20Maisonneuve/session%203/243-421-MA%20MICROCONTRÔLEURS%20ET%20INTERFACES/TP2_Interfae_CCP_BBBBBBB.X/main.c</file>
        </group>
    </open-files>
</project-private>
